<?xml version="1.0" encoding="UTF-8"?>
<beans xmlns="http://www.springframework.org/schema/beans"
       xmlns:xsi="http://www.w3.org/2001/XMLSchema-instance"
       xsi:schemaLocation="http://www.springframework.org/schema/beans http://www.springframework.org/schema/beans/spring-beans.xsd">

    <bean id="amdComputer" class="com.devrezaur.main.model.implementation.AmdComputer">
        <property name="brand" value="AMD"/>
        <property name="processor" value="Rygen 7"/>
        <property name="gpu" value="1660 Super"/>
    </bean>

    <bean id="intelComputer" class="com.devrezaur.main.model.implementation.IntelComputer">
        <property name="brand" value="Intel"/>
        <property name="processor" value="i7 10th Gen"/>
        <property name="ram" value="32 GB"/>
        <property name="hdd" value="1 TB"/>
    </bean>

    <bean id="developer1" class="com.devrezaur.main.model.Developer">
        <property name="developerName" value="Rezaur Rahman"/>
        <property name="techStack" value="Enterprise Java"/>
        <property name="computer" ref="amdComputer"/>
    </bean>
</beans>